79,39,26,75,54,36,30,75,82,62,93,103,45,50,40,36,34,46,50,41
102,75,25,69,28,73,38,51,15,82,69,69,24,59,75,63,21,80,51,50
29,32,66,62,54,98,46,49,58,36,77,52,18,66,26,38,79,55,37,74
30,46,43,42,57,70,96,53,51,56,24,26,73,44,99,47,112,37,26,55
46,44,69,33,72,34,37,51,148,53,102,56,38,42,77,45,99,62,44,75
61,31,50,47,63,35,42,53,31,63,40,64,96,58,45,55,82,32,62,78
48,23,92,62,50,34,45,106,61,26,113,46,66,44,10,54,43,37,37,83
109,39,57,35,35,71,102,31,26,54,44,31,26,54,72,36,75,32,52,61
33,72,57,79,15,70,34,44,38,78,65,30,84,24,43,146,66,80,47,54
64,36,95,57,79,22,41,52,67,32,23,118,42,39,107,36,47,59,126,46
33,29,77,60,32,45,69,42,22,41,60,56,70,96,23,51,34,140,23,55
116,65,63,72,99,133,103,91,55,41,25,70,85,57,48,53,21,35,21,62
51,51,38,74,34,28,36,29,45,99,49,103,54,66,75,32,29,80,42,60
42,43,63,81,20,84,85,41,49,95,56,80,31,32,107,64,30,45,52,62
64,34,30,41,65,41,80,30,40,46,83,36,31,24,42,36,43,98,68,74
45,41,69,38,50,41,18,80,74,45,22,25,60,24,20,34,49,123,76,88
86,34,47,27,45,75,118,61,28,113,83,73,101,43,54,28,49,45,58,30
30,95,58,37,45,61,67,57,52,46,42,18,70,40,35,86,54,50,50,43
38,38,64,49,36,51,13,19,76,110,100,29,39,20,28,72,77,45,72,45
118,47,36,53,95,90,45,65,61,49,99,58,58,18,53,39,26,40,29,53
80,67,35,88,70,66,47,46,51,71,55,44,68,39,72,95,54,53,42,77
34,64,56,55,41,32,87,45,98,20,101,28,95,23,61,67,37,48,64,80
56,61,54,31,78,34,61,61,44,32,76,64,75,75,99,29,78,80,52,80
45,34,28,56,39,45,55,44,98,22,74,36,36,43,44,32,43,37,37,61
59,85,47,67,65,36,49,35,69,100,87,103,46,70,57,23,58,49,96,60
31,34,50,65,30,56,54,37,29,38,37,86,45,52,32,23,52,43,33,73
45,44,69,71,67,62,67,72,62,67,81,71,24,56,75,33,69,40,80,29
101,68,43,35,94,60,68,68,56,45,69,84,57,85,110,40,35,108,104,47
98,39,67,80,24,105,19,52,26,70,12,60,42,41,42,32,52,70,58,50
44,97,74,146,56,59,40,49,65,22,82,28,33,42,37,101,63,47,113,18
74,49,71,113,70,37,54,67,64,71,51,55,53,68,75,84,37,28,81,71
73,65,58,100,26,29,57,96,38,60,82,74,87,55,53,32,39,30,44,91
35,32,72,31,63,36,60,83,16,90,65,27,20,54,54,28,55,29,77,40
34,64,73,43,47,73,67,46,49,51,85,77,32,59,39,36,75,68,79,66
52,93,70,28,52,50,35,64,62,64,27,30,53,58,57,62,71,48,38,43
36,83,71,67,24,51,80,49,52,24,46,65,86,62,60,100,34,28,27,66
87,49,47,32,36,74,78,68,74,57,85,67,50,56,51,40,35,48,64,39
67,60,18,44,62,36,123,48,32,39,26,30,35,43,97,31,104,36,50,49
82,49,28,105,68,104,98,77,86,48,100,35,49,72,61,86,45,83,64,110
67,62,73,47,115,70,44,38,36,70,38,105,53,40,60,46,48,67,24,71
55,44,34,65,40,34,49,24,111,64,46,28,37,36,50,40,39,27,39,68
47,234,91,33,102,63,52,38,44,89,65,57,39,79,42,57,100,54,34,40
27,34,50,66,45,103,35,88,48,39,56,66,55,56,73,50,35,29,66,85
32,24,64,36,69,34,62,79,43,50,70,49,58,39,57,75,76,46,81,29
39,70,26,77,76,38,69,75,68,34,63,69,37,97,56,19,18,55,44,37
71,149,88,30,57,77,69,72,53,42,92,39,63,89,55,87,46,40,33,48
34,63,79,15,36,29,84,39,38,75,64,37,50,73,53,47,31,43,49,29
32,60,93,63,50,36,51,67,58,36,75,106,64,50,54,74,55,33,69,32
85,72,62,50,44,50,33,38,35,45,60,79,63,71,63,34,29,74,42,29
113,34,72,98,75,34,77,62,66,99,62,32,32,47,46,53,24,92,65,43
84,46,36,88,58,79,49,18,40,59,31,38,101,73,92,38,62,35,42,19
117,84,42,64,54,18,33,42,36,41,90,35,37,56,41,38,37,47,53,111
79,42,63,28,111,55,147,79,20,34,62,71,58,45,46,76,49,17,52,28
96,58,26,96,27,38,58,29,19,17,52,69,71,34,54,53,38,59,51,39
18,51,50,50,84,39,52,42,56,69,58,47,28,86,43,66,27,82,41,52
49,23,51,48,52,73,43,40,41,34,33,29,107,28,85,70,90,61,29,57
30,58,125,45,50,47,22,35,29,40,36,69,31,56,41,29,30,32,43,60
92,56,31,47,72,15,18,123,82,40,92,30,39,64,24,50,29,79,51,46
94,41,88,90,60,66,59,70,59,87,22,47,57,83,34,25,47,51,35,83
81,79,65,70,79,50,25,80,92,33,40,40,48,42,92,60,38,66,40,76
36,102,36,58,43,91,61,43,72,95,37,82,22,85,74,60,30,107,61,70
60,14,50,78,50,56,43,35,48,78,69,74,20,15,12,60,63,56,48,61
80,42,55,35,45,41,61,64,65,97,120,64,41,54,44,65,55,21,74,121
44,52,38,128,34,50,67,26,63,80,49,68,67,61,42,26,15,95,39,39
24,68,39,60,31,65,17,34,34,50,45,51,26,47,49,23,93,45,48,35
76,32,62,21,38,26,75,61,58,24,37,31,105,42,35,39,87,25,34,40
47,47,29,30,46,38,31,140,55,63,64,68,44,60,50,44,29,44,36,48
57,54,60,75,43,48,53,67,77,66,110,66,46,101,12,53,47,30,31,63
54,29,36,21,32,51,64,41,59,80,82,64,92,46,24,50,76,44,49,55
79,95,52,73,35,69,68,42,54,77,58,38,83,34,98,78,42,42,95,32
57,16,30,59,56,48,48,48,45,45,20,34,62,51,8,94,100,53,53,55
53,51,41,69,73,62,44,25,62,57,56,48,43,93,64,49,68,47,44,50
24,38,43,64,78,60,56,47,40,58,49,114,40,44,39,32,89,72,53,11
48,40,64,43,55,49,45,60,42,85,86,51,29,34,67,41,42,41,31,37
60,42,41,18,52,49,61,57,47,49,37,38,33,43,31,42,53,76,88,57
26,37,76,65,49,36,26,108,32,71,49,57,72,48,21,157,37,28,33,81
30,24,21,59,38,14,118,14,92,78,72,102,61,28,96,44,45,44,58,91
41,87,48,94,27,19,36,32,40,52,59,31,36,55,26,32,49,45,62,69
39,69,33,74,21,39,25,44,78,73,91,52,106,71,64,85,32,24,113,42
82,57,101,82,57,62,91,35,43,22,56,59,38,40,41,37,35,33,55,76
41,50,62,91,24,52,33,82,38,56,35,38,65,51,20,26,28,25,81,35
58,43,78,41,37,36,35,14,40,94,52,46,37,67,57,21,32,27,36,65
43,35,41,42,57,40,43,43,44,42,33,39,82,36,59,26,15,106,25,33
15,42,55,9,41,51,25,53,40,74,53,29,68,51,83,35,73,30,95,59
56,54,77,72,69,121,86,67,71,45,56,60,97,61,27,61,58,90,75,68
42,61,59,33,24,82,27,101,44,25,82,35,62,45,28,56,78,79,22,34
41,51,62,57,29,46,23,83,52,48,37,33,37,73,66,80,77,91,39,56
68,52,51,25,60,38,41,51,90,86,27,46,74,72,65,34,84,58,69,57
47,49,50,85,87,99,66,23,76,48,63,31,40,124,56,43,107,34,64,61
64,62,64,68,28,48,79,66,63,96,58,34,71,33,91,77,84,76,46,39
55,90,62,97,54,70,48,62,46,72,90,79,46,42,51,60,100,75,85,49
25,74,14,84,51,58,48,30,23,56,31,124,64,66,95,50,19,33,80,30
20,101,17,50,27,17,55,27,34,41,74,67,39,61,44,28,26,24,49,66
29,32,39,61,64,73,82,52,60,76,78,69,91,50,22,49,58,52,42,76
19,35,46,57,53,48,75,49,36,23,39,25,31,69,22,69,39,68,48,50
15,48,61,51,40,43,80,21,65,60,22,59,68,58,39,41,77,69,46,47
48,43,42,62,24,50,44,43,48,27,21,40,101,24,40,29,93,30,40,73
65,79,79,107,35,67,46,44,69,53,56,42,52,67,20,40,40,61,89,68
38,48,63,29,42,37,32,52,64,61,83,29,29,89,60,125,42,105,47,53
33,115,31,47,87,34,33,87,38,49,30,81,34,59,75,89,23,81,21,116
72,87,32,41,122,34,102,54,40,69,44,44,81,78,40,67,65,48,34,97
57,62,38,43,94,58,63,31,44,98,20,43,20,20,68,22,99,84,77,80
40,89,61,40,30,64,16,33,33,81,50,65,68,58,67,37,31,52,93,83
58,36,51,75,35,44,62,26,45,62,53,38,37,36,49,94,67,101,54,57
60,66,58,35,32,15,54,28,51,56,76,34,52,38,15,32,64,21,24,17
49,78,44,98,77,101,28,78,49,77,74,59,45,47,91,36,46,58,14,107
35,45,59,64,60,73,67,54,114,46,67,53,55,40,77,55,60,75,34,49
35,102,43,60,53,40,31,40,61,60,80,28,67,59,34,24,72,22,55,55
38,34,41,25,75,22,84,52,42,21,55,54,82,61,128,64,26,96,79,68
67,88,40,67,53,29,108,48,63,36,23,71,81,26,74,44,69,29,50,70
65,50,34,100,47,46,83,65,52,66,79,60,64,45,88,32,104,24,72,38
24,20,106,62,79,61,38,27,40,36,88,22,70,55,33,44,46,44,31,85
54,42,57,52,34,43,72,36,92,60,32,48,58,29,41,48,43,34,57,81
80,76,92,63,57,85,91,68,67,66,81,95,42,53,69,59,44,87,47,82
32,40,45,76,34,31,26,40,72,63,40,91,66,32,69,83,24,77,32,37
133,114,56,22,26,37,57,66,18,49,29,54,59,48,51,25,73,97,90,114
48,64,27,109,43,22,31,59,46,53,18,52,24,53,73,70,19,96,61,34
80,78,25,54,25,42,39,41,55,51,83,32,65,66,62,19,27,67,57,61
79,79,45,92,103,32,80,119,45,15,46,42,44,103,57,18,48,80,83,45
42,26,51,25,84,45,52,72,39,92,47,23,75,62,13,37,35,72,63,53
37,90,61,67,100,30,46,29,34,61,19,37,40,63,40,69,69,47,40,24
22,31,92,24,62,44,38,44,38,39,24,88,35,62,81,61,76,63,42,70
92,43,48,60,47,23,38,44,59,28,35,126,58,15,24,62,74,32,56,41
45,32,32,76,38,22,56,41,23,20,64,108,81,69,33,23,58,17,43,59
76,48,52,52,45,36,46,52,75,29,26,24,28,22,13,80,58,41,99,32
73,45,52,43,32,25,37,40,39,23,10,33,34,48,118,17,55,60,67,38
41,63,128,45,46,62,50,105,45,30,40,73,61,26,50,47,117,43,54,43
55,46,85,53,77,73,52,42,90,42,99,45,86,38,52,45,34,62,98,77
62,32,53,41,76,101,53,65,77,69,45,83,97,59,86,69,52,22,52,57
41,35,29,21,86,79,71,47,52,63,76,51,33,42,84,74,61,28,22,59
42,29,47,54,29,102,88,47,68,57,50,59,60,38,53,65,67,49,42,40
53,64,61,40,63,29,55,56,67,76,29,48,52,44,45,67,79,37,120,28
32,35,25,54,49,68,37,54,81,61,57,39,20,74,19,44,57,72,58,41
38,27,113,35,23,88,20,32,16,82,67,58,25,23,28,62,56,25,46,62
53,97,97,86,30,58,34,59,30,48,38,32,40,40,48,73,47,46,91,61
37,78,38,52,87,46,17,31,45,21,68,90,111,51,25,63,20,25,53,32
40,43,43,46,82,21,36,75,63,50,52,66,26,90,99,63,61,25,93,54
37,34,49,49,95,65,60,49,38,24,82,38,23,44,66,101,66,24,25,33
119,50,33,48,87,77,50,74,40,48,47,54,43,44,52,46,66,65,59,59
23,79,69,37,62,15,31,49,112,118,104,52,73,28,34,82,57,87,78,55
60,19,38,32,45,75,38,74,51,42,25,52,53,64,42,53,99,59,73,61
58,27,34,63,56,35,26,27,133,56,38,61,62,29,80,49,37,38,97,76
38,81,43,53,36,39,36,38,42,51,111,62,83,53,30,38,44,53,26,46
95,78,49,31,56,36,88,54,56,76,32,32,87,48,57,47,87,38,101,52
20,74,66,85,84,73,70,66,66,36,55,56,57,51,72,57,61,30,73,85
149,54,48,92,65,38,56,73,55,26,44,38,62,67,24,93,61,39,42,112
63,80,70,31,55,22,108,25,36,42,24,59,95,34,78,44,53,57,45,62
55,28,61,47,88,27,35,36,42,48,35,51,71,80,37,128,66,71,96,96
28,32,66,40,68,44,71,55,84,50,32,69,89,59,32,84,25,34,34,58
69,70,43,60,41,26,85,57,115,84,55,28,54,36,63,59,31,51,57,36
59,63,43,49,83,63,144,27,6,45,43,74,21,124,30,49,17,48,69,38
26,43,48,48,55,65,51,20,21,45,22,65,56,57,22,39,66,32,49,52
49,63,81,66,60,81,20,67,86,61,35,45,85,21,68,82,16,18,35,25
73,96,87,99,46,91,42,28,61,69,64,63,38,31,110,77,91,49,55,64
65,46,59,61,78,82,54,76,33,34,55,35,43,39,45,109,33,52,71,87
19,47,59,76,30,24,51,13,21,29,52,10,55,47,41,63,47,29,90,72
41,47,90,63,78,128,60,76,36,55,54,64,63,37,39,31,58,46,25,85
86,54,62,95,53,50,30,62,37,74,38,36,53,81,20,24,23,28,99,58
65,54,68,53,58,79,49,43,34,31,58,50,42,83,81,64,92,61,57,86
60,76,21,29,75,33,111,67,21,44,32,75,80,42,52,23,46,30,66,76
27,60,64,56,30,52,108,26,46,77,82,42,62,42,36,54,47,46,63,75
94,62,27,85,79,103,58,86,61,60,54,34,91,59,31,16,23,119,45,59
42,92,60,53,37,64,101,60,49,69,42,74,39,65,99,84,89,41,78,39
78,49,27,70,66,33,52,83,64,48,25,67,94,56,46,47,48,50,31,56
66,61,74,43,37,67,69,44,88,63,47,73,30,29,62,57,26,24,43,37
59,84,27,46,63,62,48,94,38,53,55,142,81,51,76,98,73,54,54,42
54,29,16,18,75,60,8,61,52,58,34,31,100,61,39,65,25,64,87,42
37,45,148,54,86,38,49,50,59,62,25,70,57,77,44,69,41,37,55,103
56,67,58,73,135,38,18,92,17,65,55,50,44,63,30,43,43,16,56,51
38,44,45,57,36,66,57,28,58,49,40,22,46,25,28,76,75,23,64,42
87,71,98,39,36,73,49,27,51,67,102,53,64,38,99,48,69,50,84,70
43,18,57,51,27,46,76,69,69,43,36,54,45,36,88,31,39,47,81,55
56,45,74,39,59,32,51,84,43,71,34,112,47,72,54,66,80,85,35,76
100,69,98,129,34,79,97,63,52,46,84,85,67,38,64,39,36,16,31,78
94,30,60,29,94,17,37,59,22,59,124,51,97,73,68,34,99,44,100,32
36,61,50,28,63,74,59,39,24,20,64,93,61,21,14,60,65,76,32,66
63,67,40,40,48,125,74,68,62,43,32,77,40,41,63,59,94,31,58,31
36,58,52,105,32,75,40,54,74,53,60,68,22,35,59,89,30,25,20,47
39,67,98,36,72,48,57,68,59,91,42,86,67,101,42,52,113,67,27,110
92,71,33,39,48,58,28,66,34,74,106,41,57,55,41,40,77,109,54,82
49,42,72,57,59,68,45,32,94,87,21,50,51,71,50,81,19,53,53,18
55,38,85,43,37,57,45,46,48,62,97,62,43,77,106,51,82,129,45,39
106,51,56,60,90,58,42,63,52,52,52,43,54,36,46,71,35,58,37,30
30,93,54,60,47,48,91,59,61,158,27,30,55,50,29,52,84,54,20,82
49,32,22,72,45,123,59,46,75,54,74,32,31,84,56,57,58,66,56,62
60,108,50,33,39,44,62,32,77,65,64,66,59,25,74,31,31,37,48,132
49,38,39,23,38,35,57,32,63,70,17,34,43,52,83,39,31,65,61,56
79,64,62,35,65,62,52,93,80,39,38,84,54,40,81,13,144,59,37,49
38,92,91,82,39,52,26,26,40,58,66,65,29,22,38,39,40,13,71,57
50,35,42,68,85,55,36,51,49,61,47,58,26,61,35,38,49,57,34,32
27,40,54,67,62,42,36,39,75,70,71,55,65,36,100,21,27,36,40,47
50,65,53,134,81,16,40,64,42,16,36,34,38,50,31,53,48,82,38,101
35,60,46,46,72,69,65,35,56,44,50,53,59,86,148,56,46,46,31,63
41,43,64,53,61,71,72,119,120,49,58,48,21,43,64,26,72,79,48,84
38,57,76,65,19,48,47,26,59,63,71,69,48,87,75,74,46,81,21,78
45,81,29,73,57,82,106,48,40,95,78,40,38,66,93,86,47,61,51,34
90,39,30,42,31,34,37,47,37,44,50,17,47,114,10,62,38,45,17,81
66,48,76,56,64,39,55,47,81,82,22,33,34,53,60,50,14,86,52,79
63,22,27,31,34,82,77,34,68,18,100,37,70,39,78,68,62,36,58,50
45,23,67,30,62,101,61,14,33,68,62,37,42,42,65,15,21,32,81,63
29,77,50,66,67,75,106,26,46,33,25,52,28,91,36,34,91,74,38,61
61,35,48,61,30,72,81,78,80,50,32,42,89,73,40,72,74,64,47,47
77,40,61,43,37,65,23,34,32,54,91,57,44,32,162,34,34,72,64,54
48,33,45,34,33,22,71,78,52,45,41,82,47,70,39,14,43,53,37,42
44,37,48,63,19,54,32,23,21,74,55,44,60,49,74,41,32,36,50,43
61,25,38,39,57,57,82,69,61,44,57,64,56,33,61,27,76,81,59,43
113,33,65,49,68,73,35,76,45,82,79,54,39,42,49,57,45,33,91,44
34,63,22,65,32,57,32,116,54,82,46,44,79,7,120,52,86,52,36,88
25,41,62,45,42,29,75,63,58,54,26,39,111,55,34,30,48,65,41,42
53,45,34,50,79,64,40,44,77,42,58,42,61,31,100,73,44,115,67,68
77,40,68,38,53,37,52,31,84,72,71,66,54,36,27,75,54,70,55,45
73,47,106,70,44,13,110,65,38,68,51,40,33,64,88,22,68,18,79,36
52,45,31,62,58,49,28,55,70,63,24,73,56,38,52,89,45,28,39,94
69,104,45,53,12,92,87,54,44,88,41,47,74,23,57,66,53,62,51,32
95,55,63,46,98,36,36,112,60,31,96,48,108,45,20,82,41,51,32,19
85,48,37,123,66,83,17,38,55,63,56,33,37,53,80,24,42,40,74,35
22,85,74,39,84,58,71,62,87,111,40,48,31,49,63,52,42,65,41,72
29,30,73,31,66,18,71,35,46,29,56,79,35,23,53,62,50,74,40,49
80,72,80,59,48,60,56,77,47,66,69,43,100,46,75,34,46,36,20,18
52,16,25,36,33,43,92,74,47,29,78,20,18,23,32,60,103,63,55,13
48,56,51,55,71,102,63,73,97,22,67,83,45,26,54,57,178,90,45,93
102,39,13,86,62,63,43,89,52,55,86,56,66,45,53,49,59,40,33,53
74,48,29,33,67,19,34,50,50,65,40,66,106,38,37,36,78,49,78,33
42,69,63,26,30,71,67,47,77,39,95,65,32,58,63,43,61,80,31,48
27,88,87,66,64,79,18,48,25,64,45,49,55,15,98,30,66,86,43,81
38,45,54,59,67,60,55,44,78,38,55,33,14,46,88,60,103,55,25,80
78,28,54,79,31,52,44,57,38,105,41,49,28,60,83,65,27,66,44,83
82,36,56,41,52,52,31,49,59,58,41,84,34,61,82,53,23,21,77,53
17,62,34,10,71,102,50,92,52,62,39,96,54,81,46,34,16,52,114,104
39,53,66,63,51,52,39,52,92,91,149,32,52,80,73,64,52,99,36,103
76,38,57,94,98,71,62,54,52,80,102,102,60,74,40,65,75,94,181,49
48,28,57,54,20,83,47,48,26,21,36,54,20,73,36,36,74,55,59,11
69,113,42,73,53,59,44,35,38,31,51,74,72,95,61,35,34,27,28,36
33,121,48,87,52,48,86,35,66,67,27,54,44,22,60,69,48,90,40,48
35,50,55,22,74,44,43,97,74,18,42,90,74,42,98,50,71,36,120,23
60,8,145,59,25,42,29,51,26,66,102,51,55,27,38,23,47,57,23,31
11,34,51,37,26,41,86,87,89,65,34,19,89,88,69,33,48,77,26,31
46,56,129,74,28,26,70,85,64,75,49,67,34,93,108,67,69,67,20,23
17,55,46,80,28,10,49,55,36,65,29,34,52,81,84,23,49,25,111,58
51,47,54,53,89,92,41,46,90,32,49,76,104,56,37,77,70,27,33,21
26,84,30,32,51,37,72,44,93,51,62,49,40,35,84,56,49,58,48,18
39,88,93,51,125,77,43,43,38,43,25,18,45,16,52,60,83,66,34,32
62,61,45,78,38,44,66,63,45,28,85,64,28,98,57,40,40,42,44,63
39,54,52,24,57,53,61,21,75,53,67,71,34,24,34,55,22,80,58,49
26,26,37,32,28,52,56,93,33,35,59,105,53,41,79,29,48,86,40,42
71,109,106,49,62,50,90,75,59,61,86,24,22,64,65,44,48,67,65,46
23,35,45,31,99,53,53,30,23,54,48,42,18,40,45,48,46,40,53,54
60,74,34,67,55,54,28,42,39,29,111,95,68,30,74,51,66,34,23,63
66,31,57,85,86,40,99,44,64,44,68,68,38,40,44,56,35,21,39,19
72,57,33,48,70,42,32,37,35,35,52,24,69,69,69,61,39,58,78,59
71,71,69,76,53,58,88,50,104,30,71,77,66,81,60,48,64,50,55,54
58,91,88,76,55,30,85,67,46,64,42,50,63,57,87,54,64,82,40,62
64,70,50,75,97,32,43,69,54,47,47,57,27,98,58,34,72,31,84,45
69,19,40,64,78,102,65,26,32,31,38,60,60,70,48,51,47,39,84,115
36,61,57,77,38,92,63,78,64,34,40,82,48,67,106,66,31,137,82,35
56,47,65,41,24,27,96,50,73,48,53,26,40,62,58,33,27,26,19,96
36,52,116,38,53,92,49,33,46,51,33,75,28,47,65,64,37,37,54,50
47,73,25,18,38,66,37,62,80,83,52,78,63,50,89,28,62,45,48,63
50,43,28,48,42,107,71,56,88,82,66,95,76,89,47,59,32,93,51,66
100,75,54,50,56,64,37,43,77,84,100,47,46,66,33,29,61,38,68,77
50,62,50,83,47,28,76,64,49,23,59,54,70,21,58,25,54,50,85,16
59,40,77,48,44,86,48,52,38,106,36,26,26,93,44,33,43,83,87,103
48,77,42,46,75,30,24,51,46,59,94,80,68,39,93,57,20,53,77,30
113,50,55,36,54,35,78,60,70,74,41,41,54,65,40,45,45,59,43,19
102,80,140,45,62,65,36,39,90,71,90,60,63,62,60,49,41,93,77,48
50,67,22,43,39,47,45,76,49,39,40,95,32,44,26,22,14,89,31,39
43,104,27,45,75,52,53,34,25,102,31,83,24,42,57,93,70,38,60,57
81,70,61,38,80,56,100,65,78,26,31,66,80,60,73,71,49,51,104,67
46,70,31,85,36,81,31,60,62,81,82,103,39,70,70,24,61,79,50,42
100,47,25,63,35,77,42,69,81,34,54,53,7,50,32,58,58,92,47,19
48,85,59,72,87,65,32,30,63,48,73,41,45,87,36,72,108,55,30,79
69,29,100,24,96,61,52,60,51,46,40,70,20,25,170,104,46,31,31,63
82,90,76,33,27,50,62,88,53,70,53,66,55,96,27,98,35,85,66,29
84,58,42,60,26,101,48,60,50,91,64,86,55,43,49,38,56,88,42,47
50,47,53,34,60,69,40,40,201,117,36,74,21,81,69,49,39,56,46,63
71,42,31,46,65,94,58,56,104,57,107,69,99,76,75,57,74,84,78,46
26,76,67,66,54,65,29,40,99,63,34,35,46,32,40,42,89,46,53,44
73,64,57,70,56,38,33,69,48,75,32,48,12,45,61,62,37,49,33,121
67,35,78,45,43,33,54,75,56,77,33,96,53,70,21,69,58,63,41,24
53,82,52,46,27,36,70,36,19,15,29,63,42,108,51,38,51,48,43,68
66,94,29,74,58,62,92,52,39,38,82,80,17,47,36,47,34,48,72,60
50,61,66,79,29,19,72,33,35,61,28,23,58,67,62,61,80,77,80,44
67,61,33,36,73,34,40,46,38,29,30,41,72,13,37,29,39,35,69,79
93,69,54,98,43,86,31,14,66,25,70,68,35,53,89,57,49,53,55,64
64,38,77,26,49,39,44,51,62,84,89,96,62,18,43,62,72,120,27,75
51,26,30,79,25,67,63,26,43,48,58,45,39,78,105,30,65,27,18,26
40,71,55,79,34,33,49,55,91,56,34,23,37,35,89,61,50,80,35,49
27,38,33,42,160,55,50,74,41,44,75,96,40,38,47,38,52,52,17,26
44,93,56,110,45,66,36,38,32,39,116,59,33,80,33,60,48,103,39,53
42,37,39,180,35,39,58,90,90,52,31,74,56,49,33,66,41,130,52,57
26,57,121,70,63,29,97,14,33,43,73,43,20,20,90,33,50,53,33,54
53,48,40,38,58,56,29,77,21,115,137,29,29,74,25,33,37,117,54,63
41,41,51,46,74,53,49,43,35,30,57,33,19,35,73,55,44,72,84,65
70,82,49,59,15,48,61,51,72,45,12,85,24,45,35,41,65,66,65,17
84,46,95,60,58,25,48,35,63,48,75,40,57,69,135,83,59,40,39,87
51,49,32,73,38,61,57,44,58,84,68,55,25,33,60,39,67,55,38,64
46,95,79,10,47,44,42,46,32,91,67,65,102,89,37,65,36,46,59,39
62,48,66,51,64,35,38,119,37,61,60,42,56,120,35,39,47,41,31,26
72,51,79,68,41,41,54,55,69,96,15,77,28,29,41,89,44,75,35,46
24,37,33,41,47,31,45,33,78,64,89,45,76,54,149,41,73,84,52,80
54,63,25,65,89,126,47,74,105,65,30,37,64,34,45,30,44,37,57,73
30,64,56,74,75,78,57,42,37,21,53,72,47,59,79,23,51,35,41,33
36,25,78,46,64,62,41,58,44,64,61,62,66,81,24,37,71,68,75,56
60,71,42,67,55,52,80,45,102,96,54,21,80,44,68,45,14,44,67,74
21,79,40,28,72,26,29,41,51,91,46,11,43,49,48,24,29,100,18,44
34,40,111,36,56,39,45,40,56,42,40,30,89,56,143,49,46,56,117,73
70,72,33,83,74,35,37,58,90,47,65,72,74,52,125,56,32,56,40,71
38,63,47,46,53,58,59,64,26,48,58,34,64,59,25,49,78,44,55,55
58,51,53,50,75,90,59,31,33,37,50,24,78,33,32,52,77,90,73,24
55,70,46,88,54,43,14,38,21,59,50,37,65,26,55,32,79,36,96,67
97,47,89,47,76,47,52,63,67,79,50,41,34,30,28,108,83,117,56,105
34,44,54,55,87,12,55,80,43,48,93,71,79,64,43,40,63,43,72,92
45,84,87,45,102,71,73,111,43,49,41,34,35,36,49,55,28,100,56,44
91,33,29,19,25,63,23,40,91,50,61,32,70,42,54,67,35,21,46,84
55,48,83,54,80,64,25,59,20,111,43,53,60,68,37,52,59,40,47,25
67,36,74,44,47,90,38,50,31,68,56,32,75,30,36,40,68,64,53,44
59,87,40,46,22,46,57,15,61,70,50,80,36,67,23,24,60,72,46,38
65,75,54,41,59,133,31,42,8,32,48,34,71,45,61,20,39,98,46,52
85,40,39,21,70,47,68,119,50,54,75,95,28,48,78,53,55,59,73,48
27,24,30,31,51,72,76,36,71,45,65,49,25,29,41,65,104,71,67,18
57,51,33,37,54,78,66,30,90,39,48,41,114,43,47,44,57,47,79,58
146,68,94,32,51,83,79,38,91,44,96,86,38,89,41,32,73,45,68,27
66,12,89,55,17,36,44,12,36,33,40,69,131,63,46,77,69,59,91,29
40,48,38,45,94,42,42,47,43,66,82,67,58,55,93,63,36,90,50,46
33,28,29,38,80,22,38,61,36,77,48,34,85,44,24,51,50,39,52,76
81,74,68,62,61,64,63,41,86,48,51,81,64,36,33,53,53,92,36,53
53,49,76,84,35,42,59,60,49,162,83,38,68,79,55,19,26,88,37,55
62,63,67,81,60,81,57,58,45,35,25,65,65,23,110,30,60,60,21,22
101,31,60,38,39,45,102,121,50,52,127,45,64,86,97,55,75,19,42,56
90,37,32,68,118,39,24,51,114,30,47,81,51,49,46,73,75,37,20,42
80,69,30,95,89,120,43,101,49,68,70,90,86,21,35,33,79,30,77,34
31,49,77,21,37,27,51,39,107,33,32,34,39,60,15,54,85,83,110,27
69,74,68,68,38,59,55,36,54,37,80,94,26,73,50,28,63,28,103,59
58,29,29,62,27,53,45,59,48,70,32,23,112,59,43,20,57,55,31,55
65,76,49,53,32,44,64,64,54,90,80,52,57,32,56,55,101,48,62,16
49,79,35,93,70,89,44,61,57,134,80,65,70,105,72,58,37,95,76,63
10,80,37,48,50,64,55,43,41,86,70,45,46,43,30,48,79,44,35,80
94,44,44,53,49,28,73,86,96,37,106,79,40,16,112,50,66,30,55,45
89,98,43,45,94,52,55,57,39,44,28,47,70,58,19,74,55,34,35,42
23,34,51,65,31,61,38,44,19,55,19,91,87,26,22,75,63,68,104,43
28,34,53,30,70,15,25,64,27,55,21,22,69,79,36,147,83,63,60,34
40,49,53,23,104,59,39,62,39,86,114,42,67,49,60,53,53,51,73,50
86,31,51,38,33,72,61,59,31,59,60,72,79,64,90,31,53,63,74,49
130,67,74,37,36,64,56,41,48,72,78,63,128,67,76,65,29,46,86,23
85,28,57,33,53,58,83,69,49,54,25,113,64,40,46,76,44,41,89,37
56,57,35,35,74,40,61,54,40,68,51,49,52,35,25,44,52,38,51,27
75,37,85,39,50,65,77,76,121,47,53,33,53,27,55,44,24,119,41,52
75,45,110,41,37,45,37,118,26,40,43,38,33,72,37,53,89,58,21,68
34,74,64,46,52,110,40,114,51,50,102,84,41,47,67,24,38,52,86,69
66,54,12,43,143,43,58,59,72,76,23,45,76,59,63,47,34,29,19,77
21,36,28,25,52,54,50,46,30,58,102,56,172,45,66,69,39,39,29,27
71,50,33,50,24,53,109,44,48,25,39,65,39,56,25,110,21,96,59,42
63,76,69,40,38,33,68,68,68,61,65,33,96,52,70,74,64,77,81,74
66,82,76,43,28,21,85,64,49,70,38,33,71,60,31,39,26,47,23,40
71,64,126,65,60,117,41,58,68,55,101,45,61,54,24,64,64,60,73,48
131,17,27,47,58,30,73,69,56,30,42,43,73,54,80,52,54,33,37,44
51,23,55,25,52,23,83,42,55,50,50,24,70,79,70,56,63,67,41,55
49,41,49,108,33,36,73,40,53,91,34,46,45,46,62,29,41,59,44,36
69,84,25,54,88,100,60,36,38,76,35,85,50,113,69,41,71,74,70,41
74,74,21,43,37,67,43,44,56,68,33,61,54,64,42,43,39,60,123,63
73,60,36,22,35,87,145,31,72,45,37,33,38,44,76,37,39,56,75,68
59,74,45,29,38,82,68,87,59,66,17,65,49,66,49,40,32,32,75,25
66,36,94,30,40,67,61,89,73,85,99,89,44,62,47,50,59,33,38,60
98,65,123,30,98,96,68,121,83,37,30,48,93,56,70,87,40,61,107,23
137,63,42,65,37,53,49,91,37,89,37,30,52,38,14,47,36,54,44,22
39,36,59,60,40,52,73,23,56,71,41,34,62,78,28,74,21,42,5,22
86,55,91,77,55,46,23,35,61,75,32,70,24,36,63,27,37,86,33,46
100,106,42,62,75,46,78,34,19,29,35,28,64,39,105,40,67,51,46,45
52,54,47,53,119,58,84,80,33,74,33,39,80,70,33,38,36,41,60,62
110,61,41,24,49,75,9,72,57,44,51,67,75,76,36,58,63,18,39,37
48,61,45,80,39,58,24,58,32,43,33,54,36,55,67,35,82,16,40,57
35,59,42,68,22,30,36,47,34,89,30,54,37,86,46,46,53,68,11,32
104,20,63,48,48,60,39,78,51,29,59,76,52,98,49,86,51,81,67,50
107,77,49,32,30,68,63,46,28,59,31,45,76,51,41,34,47,47,116,22
58,53,44,74,68,31,45,62,15,85,125,66,35,42,56,45,36,22,61,72
17,45,97,30,56,111,58,51,17,39,125,62,56,27,129,35,94,15,67,56
31,38,43,34,40,13,11,33,49,116,23,37,63,27,33,90,34,39,98,73
56,26,35,45,37,30,110,24,59,66,19,60,35,26,26,55,45,36,43,37
65,68,48,62,32,82,35,67,55,121,40,55,106,55,21,78,44,53,35,56
55,163,28,64,82,99,56,65,72,37,43,67,52,50,40,64,50,38,24,40
73,35,73,54,53,68,103,40,53,52,72,64,76,97,60,147,38,53,57,33
73,37,46,57,57,42,43,25,14,44,17,40,42,55,25,64,54,35,40,15
72,144,58,38,57,86,52,51,73,67,68,97,98,89,38,59,43,24,34,23
95,77,41,105,68,52,53,67,51,54,45,24,34,18,10,60,42,30,17,35
66,60,41,30,26,34,69,25,106,121,76,68,42,99,66,53,33,82,51,53
52,31,107,140,68,53,37,36,22,48,24,55,55,37,63,32,61,63,67,60
69,76,67,48,24,25,58,62,41,39,25,35,80,20,24,41,45,58,30,90
60,31,45,61,44,146,30,55,53,30,48,33,61,59,72,51,26,84,61,52
29,71,51,47,82,80,44,21,55,64,89,63,84,100,69,80,43,62,55,53
37,63,26,46,47,97,34,36,44,40,43,83,64,77,52,48,39,29,72,23
35,82,43,54,108,95,29,76,68,43,86,50,38,14,75,49,38,93,78,51
48,54,37,35,53,25,32,42,36,57,40,89,61,66,47,32,50,24,67,66
25,40,61,49,39,41,99,57,39,23,35,50,80,34,69,44,9,42,39,37
60,61,21,31,53,36,50,94,61,10,47,105,33,25,71,46,93,49,50,23
40,57,18,54,37,81,63,74,62,60,109,41,40,138,58,48,48,44,114,44
59,63,79,33,52,21,47,69,37,53,49,18,72,115,57,71,65,54,52,36
63,55,77,69,46,50,40,37,54,121,37,90,20,28,49,41,59,38,66,55
54,56,43,51,37,47,68,28,29,24,20,74,45,52,53,37,48,51,62,95
60,37,64,23,86,91,61,33,40,33,68,74,28,36,38,63,72,43,55,61
43,44,56,31,33,75,34,62,52,22,37,31,105,62,76,18,57,49,45,35
78,28,64,21,25,66,22,20,28,53,99,47,117,93,42,26,99,36,63,102
55,51,103,40,79,55,65,51,26,33,49,53,28,78,48,60,42,32,26,96
54,53,49,91,44,27,52,32,81,58,51,24,50,43,64,45,45,39,68,21
15,48,34,51,42,47,33,57,46,45,53,75,61,70,49,116,39,39,43,40
96,47,47,36,62,23,33,34,58,67,59,76,60,37,40,28,55,73,58,54
59,50,47,56,42,37,72,66,59,89,20,54,31,40,94,43,62,49,30,32
68,39,38,85,43,16,22,76,51,70,65,32,51,48,51,85,45,57,28,83
41,103,30,56,84,28,83,71,49,35,47,53,37,17,63,51,47,79,69,36
46,87,55,38,45,42,61,54,54,56,108,32,55,57,64,77,69,37,71,46
36,114,80,100,72,52,49,23,54,77,77,36,87,59,36,50,36,37,82,55
47,70,22,79,54,90,40,58,147,84,96,63,77,65,98,30,40,77,47,67
46,56,29,72,104,51,48,37,58,25,57,55,25,54,33,42,28,29,74,60
49,158,24,74,69,98,31,23,105,76,43,47,88,89,32,111,65,47,56,33
118,34,24,94,58,80,58,37,89,70,122,47,62,36,35,36,91,52,143,59
71,27,32,43,40,59,36,39,60,46,22,64,41,160,108,50,90,52,86,24
20,13,30,61,41,59,13,40,34,42,89,40,65,86,59,24,97,47,76,20
23,54,29,49,31,105,72,49,53,80,88,84,71,60,83,18,43,86,80,26
39,34,82,73,67,51,32,67,92,37,41,57,67,48,92,86,36,83,25,20
48,43,44,37,50,51,68,50,35,41,36,32,81,30,73,61,108,121,62,39
35,48,48,34,85,49,35,50,94,31,77,53,80,42,49,62,36,34,75,68
41,40,59,66,90,71,63,53,50,67,107,41,65,26,39,100,58,23,34,77
38,42,67,62,58,123,75,17,57,67,78,29,14,49,18,92,23,47,53,66
57,28,30,64,86,48,73,61,15,44,31,42,64,60,40,65,20,38,25,23
43,35,60,33,39,52,38,27,52,136,47,44,45,26,57,43,63,40,82,55
62,38,70,17,99,32,63,39,91,20,74,43,46,41,23,91,25,35,81,20
47,43,92,90,43,26,103,46,71,67,70,60,48,48,24,48,93,52,55,34
59,48,43,94,36,64,64,32,68,63,21,73,47,44,62,69,58,34,52,91
39,55,17,43,68,93,60,75,90,19,33,99,42,62,41,39,30,72,37,39
66,33,59,56,31,119,67,85,75,79,45,97,91,80,66,50,91,80,62,57
78,25,70,53,64,43,60,31,38,53,38,67,42,36,40,93,31,18,51,30
47,95,48,76,45,43,45,77,94,45,14,54,37,87,33,28,40,45,73,37
40,84,86,58,35,118,28,53,38,121,73,29,77,96,47,30,45,63,49,37
55,67,45,58,53,64,57,18,36,76,29,45,24,55,21,40,81,97,45,18
17,26,35,35,77,59,72,34,72,72,134,82,31,110,82,71,45,33,62,94
38,12,42,29,40,28,24,45,62,54,32,79,86,15,36,54,108,53,37,41
64,34,49,51,74,92,116,66,60,66,78,30,39,60,46,23,64,67,109,62
40,62,63,38,67,22,42,113,77,49,24,56,13,47,85,40,52,47,88,37
69,95,49,53,65,40,71,41,88,28,59,37,52,61,51,37,66,90,20,51
42,30,40,70,34,83,36,105,70,34,134,68,74,28,34,53,67,51,57,67
39,49,42,58,73,64,71,31,19,69,39,82,84,56,68,76,88,38,65,46
93,34,15,48,79,52,59,47,59,47,37,57,86,63,60,27,32,28,33,52
23,96,79,39,108,77,22,70,68,83,37,42,42,94,48,56,47,30,44,81
77,36,54,32,60,46,85,107,40,79,78,70,17,24,66,77,13,31,59,73
94,63,41,26,34,54,60,95,66,53,62,42,45,48,28,58,53,62,12,48
57,29,37,55,60,47,25,78,54,47,42,44,66,27,70,39,51,64,67,52
52,63,72,61,69,50,116,33,62,25,52,90,76,49,52,56,53,53,64,81
22,38,26,66,39,51,57,30,139,22,94,88,73,20,68,58,35,46,66,43
60,56,52,47,59,79,42,45,51,57,63,30,49,66,70,65,90,50,63,54
64,67,76,78,64,89,40,84,70,56,67,72,32,35,17,25,38,32,38,80
68,64,40,20,81,76,58,67,60,47,32,9,26,16,72,27,54,24,92,30
60,22,72,29,35,63,89,49,70,59,35,61,44,80,34,46,97,38,57,60
51,103,37,58,72,26,29,35,32,48,27,42,73,80,46,64,35,35,44,44
48,19,44,128,70,16,66,94,41,36,60,37,51,61,116,48,75,63,61,38
63,51,25,34,35,70,51,40,71,32,37,53,84,39,35,58,70,33,43,57
63,45,53,73,51,48,135,64,69,113,78,102,34,53,112,31,50,70,39,54
45,85,35,135,82,57,47,57,33,43,92,62,86,37,73,93,75,50,45,56
43,72,27,61,60,46,46,92,79,28,52,43,49,66,52,84,21,44,37,17
72,31,109,99,37,45,53,78,141,95,61,76,49,84,67,41,31,45,56,73
43,33,92,85,71,35,31,98,76,52,60,55,47,66,25,30,41,72,66,80
29,34,47,67,98,59,24,58,68,99,38,70,56,41,37,111,60,30,41,23
85,56,43,19,51,57,55,74,142,35,72,39,61,50,64,53,42,34,49,93
31,42,67,71,49,69,70,99,42,27,134,15,19,65,29,29,40,28,55,39
140,86,87,67,29,40,75,49,53,50,47,46,47,67,70,30,42,29,23,58
59,49,96,68,51,69,39,74,96,43,41,31,32,66,29,40,70,50,51,10
50,57,36,134,86,12,41,101,88,54,14,69,47,33,69,50,38,91,53,44
48,28,52,28,42,61,40,59,55,12,67,32,52,73,42,59,53,27,78,35
121,72,73,14,50,20,76,80,59,28,29,36,82,38,15,53,57,31,60,34
25,67,13,66,39,34,50,80,48,81,84,35,32,71,23,32,56,80,52,79
31,33,32,67,31,42,77,39,39,59,32,36,45,52,123,38,87,40,76,77
32,98,74,55,44,79,44,79,31,60,82,62,45,39,53,36,50,31,26,60
66,58,51,35,26,44,81,98,39,29,47,50,56,62,39,60,97,38,95,48
37,33,31,35,36,62,69,83,64,68,37,79,19,62,35,47,28,52,58,82
99,21,65,58,48,34,37,79,58,76,93,89,71,58,27,73,70,127,62,69
38,66,56,35,44,44,65,46,56,41,34,32,24,118,91,97,32,59,15,138
35,53,31,52,17,22,93,22,69,55,32,22,27,64,61,33,13,33,46,30
52,65,57,49,31,55,58,88,93,95,94,84,41,43,34,99,94,59,44,48
71,105,41,58,63,85,113,32,32,60,38,43,69,47,88,94,55,72,38,59
64,53,132,34,85,27,41,96,91,55,47,74,96,36,50,92,29,54,24,84
43,27,94,58,25,71,29,31,106,54,28,54,40,25,36,59,57,91,36,49
72,19,17,71,51,56,59,49,58,111,58,35,115,56,50,37,82,45,45,75
71,35,32,43,65,38,99,54,87,33,80,57,19,49,76,31,31,45,53,62
80,110,85,67,62,44,43,39,55,55,38,62,84,76,122,94,87,66,115,64
22,60,39,36,78,82,17,65,79,27,77,43,57,76,33,52,48,55,48,40
54,64,64,77,51,109,39,61,52,39,77,59,43,69,96,33,66,41,63,38
36,80,38,39,45,52,62,81,69,71,29,54,83,134,22,58,36,85,59,33
54,38,51,15,21,84,27,67,76,49,68,48,60,57,95,61,35,71,60,87
49,28,82,63,52,75,57,67,45,33,59,80,30,27,77,48,31,84,42,49
68,29,53,103,57,40,62,92,59,54,22,88,74,62,74,36,79,103,46,85
67,48,87,37,86,53,73,52,39,62,58,58,63,36,80,46,65,40,44,76
37,83,102,46,67,89,55,57,46,36,23,79,37,93,98,33,68,40,35,62
45,85,81,75,32,20,101,57,112,32,32,76,53,70,99,83,36,79,55,25
24,96,35,31,62,57,33,72,36,83,51,31,62,95,51,51,85,26,17,30
122,39,33,82,43,52,124,68,60,42,98,40,94,60,95,57,43,24,66,69
90,80,32,80,43,87,67,32,64,52,57,63,52,35,55,41,47,105,56,69
57,49,42,26,72,52,53,56,27,37,62,54,39,45,107,60,11,72,40,86
84,72,73,82,31,61,37,23,109,34,92,65,49,50,56,47,19,75,97,69
93,39,58,37,116,55,116,43,85,34,86,50,11,32,56,35,40,38,50,95
82,68,68,98,24,33,47,53,57,40,92,52,36,131,50,51,34,93,49,51
46,46,28,58,59,62,58,57,68,55,89,65,32,58,71,42,73,39,97,38
36,70,41,107,23,79,90,77,30,32,13,32,41,56,52,67,42,29,63,44
24,90,75,30,57,13,57,55,67,98,39,71,18,45,39,45,53,55,46,63
73,23,45,30,40,67,22,111,82,98,70,54,53,102,61,47,55,36,55,69
47,32,44,49,57,58,65,36,51,32,36,71,31,71,31,50,39,80,27,29
57,69,25,16,60,91,39,54,78,29,53,31,73,94,55,72,33,108,72,57
70,44,41,96,34,35,24,69,73,58,78,49,34,37,45,19,67,37,40,102
46,38,25,43,41,58,39,75,35,44,65,66,48,62,98,60,27,45,85,42
25,106,14,44,53,68,45,71,44,64,59,27,34,56,45,30,37,104,48,54
56,77,78,68,41,27,34,77,45,105,33,29,22,55,70,26,24,41,38,35
43,58,64,45,24,45,57,26,38,51,70,45,40,40,61,66,66,44,62,47
93,44,58,36,74,38,46,68,41,81,34,82,83,69,34,23,89,61,68,37
82,65,167,16,45,56,56,27,51,73,98,50,68,73,58,49,91,29,34,60
25,94,47,46,22,46,62,102,54,55,89,39,40,60,62,30,32,53,100,64
30,63,48,58,57,121,54,72,58,77,48,111,102,43,61,72,18,39,52,26
55,32,61,41,18,47,49,27,63,38,43,52,59,36,54,57,50,26,20,47
63,101,79,117,22,47,133,72,64,58,93,55,41,27,52,61,68,45,49,27
105,145,46,64,24,48,46,44,34,56,54,35,53,88,54,43,23,43,51,20
96,76,55,70,75,53,82,105,42,41,34,39,69,72,43,41,53,130,30,65
44,97,71,60,33,44,74,37,59,79,37,54,72,32,159,33,29,42,42,39
99,69,48,43,28,67,80,26,100,37,61,54,24,62,75,52,70,56,39,56
56,37,56,43,38,53,52,24,90,99,95,45,31,53,25,70,76,102,38,64
55,41,46,89,31,29,42,60,17,70,33,31,38,34,77,55,59,58,51,35
54,46,58,38,49,111,80,25,28,31,58,86,35,105,66,8,89,124,28,44
68,88,92,44,42,36,34,27,48,77,85,70,39,59,32,68,20,160,25,73
97,34,17,71,53,25,85,63,26,86,51,34,25,26,51,94,76,55,106,66
30,48,46,62,79,13,44,40,62,76,79,43,18,35,42,41,93,36,22,45
36,49,46,58,48,69,62,61,70,43,67,38,47,49,63,41,69,53,40,28
50,54,23,57,29,95,43,36,32,48,44,45,54,30,60,124,66,36,49,71
57,61,76,61,107,65,46,53,55,37,86,78,58,53,29,31,58,33,36,41
27,80,39,61,40,77,66,45,89,61,26,54,37,36,43,51,87,71,40,34
69,47,39,37,28,98,40,55,104,39,70,39,69,47,23,26,61,55,61,94
56,60,88,49,57,40,79,28,53,82,86,104,40,120,72,49,51,56,66,95
45,140,103,31,61,56,16,38,38,38,61,63,37,64,63,43,22,77,75,123
50,58,71,68,12,126,38,50,52,59,60,70,60,154,12,45,15,32,65,31
73,67,18,58,51,33,48,82,67,90,63,21,27,54,57,99,66,94,82,76
32,68,36,75,31,41,46,34,72,94,97,38,54,15,63,52,56,55,57,60
51,43,43,30,107,39,49,58,30,64,90,82,41,77,83,60,90,79,33,47
79,42,38,45,59,23,61,18,53,31,57,32,105,48,31,81,66,56,48,44
26,31,76,39,58,40,53,109,112,30,38,42,55,58,55,72,29,29,58,40
23,36,46,51,37,15,26,18,25,14,49,23,48,31,70,68,64,38,100,39
61,11,33,62,59,54,48,31,84,62,64,56,75,24,65,45,51,47,80,29
43,37,31,40,60,63,60,65,102,45,80,53,25,34,29,79,66,42,109,49
85,57,81,35,82,58,42,86,109,76,104,33,33,52,43,32,35,21,87,67
40,60,31,47,27,75,29,72,63,92,37,89,61,32,96,33,52,36,85,89
41,69,29,67,24,83,34,35,58,50,81,34,75,43,38,64,59,59,93,46
70,32,49,41,30,46,78,51,51,19,16,51,72,50,43,33,23,79,49,36
61,51,25,75,31,46,61,66,66,42,70,63,26,50,51,32,31,9,33,29
28,49,39,20,23,58,76,52,53,77,102,32,49,53,47,52,45,82,80,19
71,53,40,59,70,58,59,40,54,36,48,45,56,49,33,66,37,33,45,32
23,71,71,45,52,111,27,73,72,77,89,54,58,80,76,50,65,62,37,85
49,77,97,39,73,46,56,44,70,30,36,38,97,36,24,44,31,120,65,62
31,119,44,34,55,36,40,33,43,64,92,24,88,80,52,44,95,90,79,52
41,51,55,70,44,40,60,77,31,71,42,37,57,53,16,68,35,70,27,29
89,23,7,41,55,86,85,39,36,60,73,92,66,84,121,69,19,38,51,76
65,61,44,15,31,61,76,58,50,21,56,75,100,57,47,31,98,35,109,57
76,64,34,55,81,44,38,69,59,52,35,34,47,68,86,42,68,19,71,25
41,76,36,74,98,66,112,61,33,101,40,57,66,53,41,61,35,22,35,58
38,63,61,53,46,54,62,34,42,36,37,56,15,39,89,84,34,59,54,21
34,48,51,53,66,84,67,48,68,35,62,39,35,82,63,31,32,79,30,44
85,52,75,65,67,62,36,41,37,106,57,47,40,49,75,44,32,54,58,50
86,31,45,64,66,44,69,59,35,68,39,76,55,63,143,37,36,70,73,56
73,71,38,65,57,30,43,32,31,48,106,44,52,56,81,53,87,26,30,39
87,54,27,34,81,46,27,42,55,44,43,93,104,76,57,61,49,62,83,43
52,45,32,42,42,58,72,53,25,74,59,55,54,47,55,59,38,68,51,48
56,70,30,116,52,48,67,37,73,53,19,71,22,81,76,64,62,14,89,31
49,66,65,56,40,37,29,55,23,37,54,42,50,42,31,44,41,78,19,76
56,83,39,60,107,70,64,38,53,106,58,61,41,63,44,27,71,74,35,40
49,75,75,60,65,22,49,46,22,89,27,27,70,47,25,21,53,56,80,33
68,56,107,34,47,49,81,48,66,106,49,28,70,91,83,75,101,59,27,86
14,71,45,40,90,81,24,55,62,40,28,40,114,39,46,89,52,86,60,68
50,84,51,19,46,82,28,26,40,125,45,46,71,44,32,67,88,43,74,45
53,63,33,47,11,17,67,69,41,84,50,47,67,37,37,40,56,44,37,69
57,48,24,82,70,21,68,63,53,23,26,56,51,49,35,33,36,66,33,58
20,93,50,58,46,110,79,46,71,47,27,103,89,43,75,46,125,85,19,28
61,47,63,53,65,56,32,65,34,29,43,65,76,82,45,22,19,46,58,51
44,27,47,84,37,68,45,43,103,64,29,64,31,94,42,48,66,81,53,47
36,80,62,42,62,82,28,80,35,61,51,71,89,65,66,33,18,34,31,100
39,34,49,91,39,83,35,28,86,24,45,86,42,42,84,37,38,85,65,58
27,29,66,68,81,34,54,98,55,36,39,21,17,54,56,90,51,51,66,39
56,46,54,63,33,55,67,56,68,64,39,83,23,46,25,45,51,47,58,34
30,108,84,70,86,52,63,56,71,62,72,35,36,51,60,42,30,69,93,38
46,73,42,22,63,52,85,40,51,29,90,19,61,75,53,29,64,55,64,39
106,46,45,23,57,89,55,72,55,69,48,37,43,44,84,75,49,48,25,105
46,65,40,68,49,62,77,77,44,44,37,33,53,92,46,72,81,38,16,97
83,29,39,30,73,48,41,28,42,46,65,55,44,32,32,30,64,72,25,68
100,68,42,28,43,41,73,42,34,59,39,116,32,48,33,68,27,32,51,90
25,59,57,40,39,31,82,66,63,96,68,82,44,36,72,108,64,75,55,69
28,11,88,14,46,50,99,29,19,82,50,38,48,45,52,27,55,28,47,138
41,42,67,30,88,35,22,33,57,43,50,47,68,65,53,57,48,66,41,75
26,78,63,108,45,40,32,89,58,77,86,27,84,72,69,88,73,40,49,51
73,53,51,35,63,88,32,58,41,61,54,122,44,106,49,56,68,69,43,76
61,62,70,67,33,54,60,76,25,34,83,62,57,95,69,110,47,59,102,36
37,97,47,70,57,17,50,69,49,45,33,73,85,106,42,27,32,91,96,21
58,76,23,55,70,39,64,143,21,28,97,69,56,38,12,52,43,49,135,65
55,44,53,62,41,60,36,16,17,15,45,42,63,10,36,51,43,59,22,36
42,44,43,66,24,77,26,53,48,59,53,91,28,57,45,51,77,93,110,42
52,35,60,61,36,52,23,37,33,34,36,21,50,29,43,69,46,58,23,31
24,100,55,18,88,40,112,92,23,42,51,28,72,41,34,43,68,26,41,39
33,6,10,57,58,55,32,62,9,13,36,43,62,82,83,50,46,6,44,38
84,65,22,30,63,39,80,49,103,56,40,68,36,48,16,45,50,32,43,80
52,49,27,57,34,72,35,28,41,36,32,62,58,72,30,56,32,43,30,83
80,50,30,45,27,68,53,59,49,49,134,25,89,59,31,52,22,45,52,41
49,81,59,53,35,56,85,76,28,132,81,77,149,28,50,15,45,54,30,40
32,58,46,87,71,60,49,44,52,31,58,20,63,71,24,31,24,29,59,48
101,34,17,25,93,26,75,60,62,19,68,56,22,60,46,75,10,58,35,75
96,33,49,97,59,38,39,50,27,44,40,70,31,61,78,44,40,45,39,66
31,27,64,97,57,50,50,43,53,53,43,39,43,27,56,37,40,37,32,44
25,43,88,89,106,72,38,69,70,27,60,17,43,45,43,46,78,16,46,90
63,82,26,63,48,56,47,79,68,53,58,51,36,66,43,62,105,93,34,19
132,55,46,40,35,65,65,87,83,45,72,51,48,28,22,59,32,39,34,66
41,96,65,67,113,82,43,71,28,23,124,55,25,74,37,45,63,59,62,48
53,53,78,70,87,68,44,26,54,84,57,75,36,91,29,60,60,59,59,140
79,87,45,48,42,57,35,24,46,57,61,33,149,25,67,36,39,162,47,50
55,91,46,68,75,56,34,88,35,70,46,48,75,66,34,53,64,55,60,85
51,74,60,101,80,37,66,38,63,19,88,57,59,52,44,87,52,39,56,77
67,101,40,84,37,42,57,77,53,62,24,55,47,82,29,60,48,49,46,77
56,55,38,46,71,31,60,30,49,72,90,40,42,37,53,22,22,75,47,30
45,22,63,31,15,67,120,51,101,53,63,38,61,74,42,70,32,29,70,59
51,51,82,61,73,34,57,76,38,43,25,57,45,54,34,51,39,36,58,53
67,48,27,59,61,24,81,52,63,72,77,35,28,55,47,51,58,58,60,33
75,59,39,33,62,29,21,51,47,36,49,13,60,62,16,22,26,40,48,79
64,44,28,34,108,18,119,67,64,75,94,45,42,54,36,22,37,47,35,105
39,46,30,34,82,57,73,45,58,62,33,77,29,31,114,48,68,38,27,74
60,44,74,107,30,59,40,81,89,35,66,68,65,56,42,90,44,49,29,64
68,86,63,93,35,68,36,68,93,44,19,48,66,82,11,85,65,44,105,48
40,38,62,54,45,38,75,81,61,69,48,19,56,104,41,42,48,62,21,29
100,56,81,61,96,67,53,26,107,36,54,56,39,83,55,18,25,57,73,75
29,45,59,45,91,81,59,30,98,54,32,61,46,37,46,55,59,35,60,73
28,44,28,74,31,59,47,57,50,62,70,66,43,28,49,20,24,24,48,60
72,72,36,106,91,27,78,64,96,31,40,67,33,23,23,32,44,38,24,83
110,83,75,62,64,88,50,80,70,123,82,87,55,43,79,43,45,56,135,99
47,100,75,83,97,73,43,72,71,89,54,65,58,50,119,46,115,43,48,55
58,76,40,64,72,94,23,62,35,60,44,49,51,71,35,27,92,27,93,45
97,41,45,43,28,85,62,48,120,55,33,39,18,112,19,92,71,47,57,27
76,139,53,32,54,112,21,72,62,63,32,48,27,60,45,51,37,142,42,57
93,120,51,53,47,60,37,31,55,58,46,73,52,98,58,50,33,51,30,35
79,47,79,81,102,39,50,81,41,41,64,78,60,52,47,56,69,61,93,42
49,54,96,51,32,47,30,88,104,46,57,58,54,55,36,64,49,51,84,48
56,44,69,58,43,68,76,58,70,17,41,41,94,50,80,71,58,37,53,29
77,51,34,30,33,55,42,58,30,48,55,24,35,38,36,51,86,34,42,58
75,56,58,63,63,55,12,52,69,63,16,51,45,43,39,91,78,79,70,52
24,54,28,24,9,60,56,40,61,92,91,40,58,14,104,63,71,44,19,33
63,46,33,39,66,73,54,85,59,35,41,143,60,85,46,82,45,50,29,35
24,103,66,41,42,44,45,40,59,45,49,29,18,39,35,68,25,22,63,33
15,54,25,43,21,34,46,70,65,56,74,19,21,72,96,40,49,85,56,47
55,27,28,106,10,29,73,43,52,106,84,13,36,61,43,55,77,28,49,63
50,36,50,50,43,59,43,62,65,14,18,74,56,65,62,30,61,71,54,34
54,43,89,43,74,25,51,71,85,42,59,38,38,26,78,88,26,70,62,82
39,48,56,30,39,50,39,21,96,51,38,36,48,25,53,68,77,45,75,48
44,30,55,43,59,79,60,36,56,36,61,45,38,90,92,32,45,62,128,61
69,149,46,72,65,58,23,63,39,59,48,48,27,35,52,40,47,59,69,38
85,41,76,68,54,113,72,61,28,49,69,28,95,96,57,13,47,53,56,30
47,24,37,47,49,39,59,48,41,105,71,34,60,32,72,44,42,62,44,33
28,32,35,19,30,15,41,61,47,56,79,66,60,52,47,81,60,31,33,104
84,42,140,57,51,73,46,56,50,50,34,56,70,46,54,48,56,73,125,87
33,26,37,48,86,73,85,62,82,64,25,87,81,83,77,26,21,76,69,69
77,42,18,61,112,36,46,54,65,88,52,69,67,31,52,34,74,40,52,69
29,54,62,23,37,63,84,68,36,43,47,30,56,30,106,44,23,58,20,42
66,58,27,69,40,75,42,69,14,45,55,33,49,116,60,53,30,22,44,86
7,63,16,44,46,46,41,25,23,50,29,30,53,63,40,30,59,77,45,66
62,55,45,58,61,13,32,43,66,45,58,66,42,88,40,29,38,14,52,58
26,69,50,70,51,51,77,45,27,13,38,51,41,55,110,34,56,64,81,44
59,84,74,44,38,151,37,39,37,59,71,57,71,41,45,72,49,46,27,24
52,40,43,97,72,34,56,31,47,81,39,94,27,36,15,38,17,36,51,41
52,51,25,40,49,37,70,37,102,65,40,49,75,39,84,52,24,25,50,66
13,47,111,53,144,35,61,41,57,37,70,73,50,36,44,53,21,63,53,50
85,49,23,69,50,104,75,104,106,76,30,30,56,36,53,152,51,87,72,60
48,30,55,29,50,46,36,35,62,106,72,101,27,65,16,55,16,27,38,54
29,69,71,50,61,28,47,33,43,53,34,61,55,69,50,88,43,33,47,19
32,17,48,87,23,28,53,49,50,54,48,39,75,50,45,72,78,21,107,24
37,45,55,77,28,33,68,51,61,57,71,147,35,62,56,26,58,34,28,86
56,54,14,17,49,21,59,46,38,42,54,55,17,32,58,20,48,99,28,51
34,51,39,56,102,128,45,121,71,69,33,58,96,50,57,59,40,66,63,23
59,73,111,76,48,88,40,43,138,62,53,80,54,56,46,74,39,42,59,87
36,48,37,30,39,60,59,93,24,88,91,52,23,32,36,30,52,48,34,115
67,56,126,101,56,55,42,54,56,65,100,52,84,80,95,50,121,58,54,51
46,69,58,65,23,68,38,74,89,41,26,25,17,41,76,54,66,31,68,38
44,64,60,63,44,61,36,30,31,50,52,62,50,62,94,41,47,75,46,66
108,54,74,48,34,84,75,42,39,77,50,115,35,29,53,38,62,53,63,56
30,67,28,16,44,54,66,34,43,6,34,71,58,59,35,53,87,37,17,61
66,70,85,59,60,66,55,43,61,59,97,86,93,31,43,75,74,58,68,49
49,42,29,28,111,17,34,31,45,105,77,27,41,38,28,34,34,76,70,37
100,29,52,59,50,97,54,44,33,38,66,68,26,49,47,66,93,81,55,42
36,34,42,73,40,42,61,86,31,18,44,42,30,47,49,44,43,63,36,61
48,80,48,49,100,49,36,83,56,47,66,46,70,36,76,55,44,39,63,49
42,69,95,33,81,28,82,100,59,54,30,39,57,39,38,74,85,80,56,36
66,41,43,112,61,36,35,26,53,63,42,70,43,40,66,55,40,38,54,55
37,73,48,67,20,48,58,35,102,63,66,86,50,47,99,46,41,71,63,78
54,71,76,32,83,57,102,126,84,81,43,47,72,60,72,60,61,53,105,93
52,48,28,66,50,39,41,41,63,42,119,83,31,45,47,30,69,31,52,54
56,73,24,31,88,29,67,124,28,128,49,70,57,42,57,27,18,22,60,50
13,38,26,81,43,63,54,27,50,64,79,66,33,64,21,68,55,50,37,15
43,28,48,34,33,73,61,47,69,50,51,64,77,36,31,34,69,64,51,56
74,35,76,25,21,41,73,26,64,30,33,12,41,65,32,66,53,105,30,12
46,115,28,95,27,59,50,30,51,65,90,41,41,27,45,84,39,53,34,122
72,56,75,40,64,32,46,132,27,35,79,65,82,76,23,68,53,57,91,56
76,85,60,45,36,84,102,64,48,68,70,75,49,66,64,47,87,109,53,51
51,33,51,53,49,19,109,33,55,28,53,80,44,68,36,57,48,56,93,37
83,53,86,61,42,52,52,41,54,72,64,24,70,39,72,42,36,44,37,48
79,77,51,65,77,43,63,48,68,115,65,81,54,44,72,83,74,57,76,82
36,71,84,28,50,52,41,70,94,35,139,49,71,44,111,47,70,41,62,97
73,50,46,39,76,89,156,49,37,73,97,45,55,64,28,65,25,69,45,22
47,26,62,86,39,71,61,15,55,71,54,37,57,38,92,37,74,33,61,37
31,60,75,37,25,66,28,60,65,41,31,40,62,65,22,46,46,59,160,35
42,67,118,67,63,60,40,54,56,59,31,53,39,19,28,83,58,41,50,62
35,36,30,55,41,77,81,22,49,82,68,57,35,26,62,44,39,43,27,72
93,42,28,34,94,55,39,91,48,19,65,117,49,36,22,57,21,40,74,56
11,25,57,40,73,62,18,28,16,82,36,24,25,50,33,53,37,91,42,49
90,47,57,65,52,26,97,20,53,31,50,63,31,72,7,44,32,62,31,44
65,73,46,89,58,57,69,51,31,41,83,84,26,59,12,41,38,60,65,48
22,40,54,55,76,50,44,61,34,64,31,53,35,41,73,31,77,31,47,23
71,31,80,60,38,32,36,80,57,48,28,47,45,28,61,39,50,30,46,51
88,45,88,42,83,52,28,32,43,64,40,40,26,33,94,16,28,32,67,38
89,56,64,26,74,71,37,39,60,16,41,55,130,74,166,31,80,40,79,25
87,41,48,74,62,99,36,48,77,67,35,125,57,56,72,65,29,56,50,52
68,36,36,80,54,50,61,34,36,68,41,79,52,62,48,34,74,11,21,38
62,19,43,32,60,73,58,48,25,35,70,34,20,40,51,56,57,44,86,46
64,112,57,68,72,27,83,52,60,53,31,133,29,55,24,53,34,41,68,59
135,13,66,36,40,32,70,59,26,25,32,101,66,43,70,46,67,61,11,99
31,98,74,37,51,24,41,65,61,53,46,51,30,19,30,61,45,88,24,57
41,65,51,94,49,102,49,41,41,73,39,81,48,47,69,64,63,44,57,23
105,81,56,60,88,34,46,58,44,38,54,28,42,29,55,40,70,60,82,26
47,52,13,27,47,78,85,41,47,69,78,14,56,33,62,55,114,24,77,120
41,40,41,71,54,48,75,89,49,59,48,35,58,74,58,26,65,73,41,30
40,24,48,118,34,59,57,68,67,30,28,94,61,43,24,46,51,62,44,49
38,68,36,19,62,47,26,69,28,35,50,33,46,67,45,77,86,57,43,37
45,37,55,31,96,90,65,42,91,69,54,47,41,62,55,79,35,62,52,80
33,46,42,26,78,74,44,54,65,36,55,57,59,93,18,59,25,39,22,76
46,76,74,57,41,62,24,30,47,71,67,53,36,57,80,33,42,22,90,77
50,109,43,43,47,23,79,41,43,49,28,69,23,53,34,53,36,63,40,82
29,29,33,34,44,49,75,24,102,37,81,78,59,30,63,47,45,42,79,82
28,73,22,34,32,79,110,78,38,69,48,46,56,46,58,98,65,104,57,25
32,68,46,42,52,18,21,33,55,107,26,45,46,57,52,34,36,66,45,98
35,30,30,65,81,56,25,46,73,54,26,45,62,28,52,29,37,70,41,61
36,48,64,86,57,51,82,63,65,73,34,60,87,58,82,114,35,31,26,50
35,70,84,55,55,65,55,32,55,32,65,168,83,62,36,84,81,56,60,97
69,47,17,45,58,46,71,47,32,27,76,30,51,79,57,80,67,55,64,54
49,61,16,56,41,97,14,106,31,61,65,28,69,67,60,40,56,28,41,92
29,45,47,76,70,45,41,56,40,44,93,21,95,77,55,28,60,91,71,65
56,26,68,69,75,60,56,47,78,96,77,43,62,54,73,73,61,92,54,46
80,54,80,98,63,31,63,81,53,110,101,82,63,42,24,53,50,29,44,121
63,22,66,12,122,68,63,25,44,40,87,94,64,57,71,71,137,39,43,22
49,49,18,77,43,64,45,25,71,37,35,39,49,59,69,43,29,54,61,40
67,55,87,70,58,26,69,23,19,44,51,101,47,59,27,37,100,26,59,43
56,108,109,97,25,71,112,71,70,28,90,58,100,21,81,46,86,57,42,74
53,94,37,42,57,27,57,45,90,49,26,22,45,98,36,80,56,93,125,49
24,36,61,41,67,63,20,46,39,51,29,33,30,31,69,39,43,17,55,62
90,57,28,68,35,45,8,55,61,34,56,57,66,55,63,104,14,56,34,41
64,39,105,43,55,46,28,60,24,59,62,72,32,45,32,52,38,44,20,63
50,32,78,62,37,22,79,59,58,44,68,60,49,80,60,61,80,53,88,67
76,58,83,17,18,21,71,41,51,41,38,31,56,42,64,51,103,56,42,68
33,37,77,106,25,89,12,53,45,20,91,45,92,80,54,63,41,49,95,38
38,36,70,94,38,35,50,87,59,36,30,50,61,65,26,48,48,45,38,37
26,51,39,60,53,40,53,54,108,68,32,38,50,23,46,78,37,42,43,44
50,98,52,50,69,77,89,53,76,91,63,52,66,59,42,64,38,80,34,107
34,12,82,47,44,38,48,91,28,20,41,16,48,57,77,78,88,54,52,58
38,27,129,103,81,15,23,21,73,37,25,46,34,113,80,40,62,91,49,116
32,50,47,68,35,38,43,66,35,55,19,81,65,83,64,26,51,28,71,17
78,35,56,107,21,34,42,96,71,55,51,30,41,21,35,79,61,42,33,31
64,44,40,33,27,58,54,29,36,38,23,30,63,36,15,74,61,85,44,52
72,45,66,57,56,80,61,71,47,89,23,39,48,62,60,59,29,57,31,59
75,35,57,115,61,33,33,64,73,31,108,73,93,15,42,37,85,41,42,70
18,32,51,50,50,58,24,40,37,63,68,63,49,87,24,96,73,22,78,56
57,84,54,86,48,72,72,54,72,38,36,80,36,87,124,70,46,41,38,55
97,36,125,87,64,30,58,51,78,58,38,54,66,58,75,33,70,85,60,89
105,61,31,41,51,55,42,40,35,72,48,43,45,45,30,39,20,94,87,69
37,51,61,88,42,80,57,76,40,77,104,46,49,62,44,27,43,94,55,46
28,55,17,31,48,59,48,81,71,37,83,66,63,90,97,49,24,7,54,51
40,67,38,58,43,33,29,23,66,32,42,55,45,44,111,53,53,55,47,75
116,69,51,60,44,13,20,80,119,71,73,82,61,48,97,35,39,45,79,72
60,61,59,105,78,62,66,54,46,92,55,62,113,52,61,40,62,33,41,44
60,44,42,54,31,40,58,49,87,44,35,34,52,36,41,54,44,83,63,40
26,71,92,56,21,24,45,69,24,48,59,75,46,61,48,95,40,65,56,40
56,34,80,31,89,41,68,36,21,32,57,11,76,33,48,35,44,29,27,46
55,85,73,71,41,47,41,52,59,66,36,82,56,29,32,57,71,123,28,54
45,65,53,31,33,17,94,77,56,98,71,57,22,103,51,23,58,31,64,46
30,33,55,45,64,42,51,43,61,65,56,114,97,47,73,103,93,24,38,39
77,60,26,42,108,83,137,22,86,46,53,47,51,72,84,109,52,75,118,62
42,24,33,84,42,56,46,90,38,54,40,27,61,80,42,63,38,53,49,72
78,42,58,60,84,84,21,60,77,32,58,64,47,28,43,53,45,35,70,72
36,43,92,41,28,80,14,54,42,59,14,67,43,34,65,51,39,50,50,88
35,31,46,69,80,22,67,59,23,34,108,23,28,95,78,48,48,52,96,55
28,38,56,81,34,55,47,49,40,53,30,32,42,106,74,46,33,23,75,52
69,103,35,43,124,45,45,32,40,26,74,76,33,82,46,81,41,46,47,46
48,66,105,61,47,52,46,47,38,35,29,103,82,62,48,81,28,53,60,51
55,77,58,61,92,61,53,101,96,46,64,62,36,47,61,155,54,45,49,60
33,20,34,77,42,71,55,39,76,77,32,52,60,69,48,26,56,73,62,75
42,84,47,112,85,38,43,47,55,186,85,69,50,33,37,36,87,97,35,36
54,56,28,35,90,47,90,112,71,63,65,43,20,39,22,30,75,63,93,64
20,50,37,62,41,28,59,68,60,57,49,64,76,34,23,37,41,24,68,61
54,51,70,54,84,49,85,18,46,62,53,60,35,25,148,53,50,37,46,66
84,55,59,62,52,76,68,50,83,64,46,53,47,39,91,53,54,80,49,70
58,48,124,67,88,77,61,67,65,46,92,65,63,55,24,17,87,74,66,51
70,31,50,50,45,48,60,68,15,29,32,30,135,30,45,61,81,36,46,40
81,91,54,52,58,25,68,89,46,108,55,76,68,30,46,60,52,71,36,26
58,64,53,68,35,57,53,45,28,70,53,86,60,75,62,27,25,39,32,57
40,84,47,128,69,52,54,57,56,50,16,35,60,87,33,36,41,42,48,66
36,43,29,50,108,80,76,34,34,44,131,41,50,73,82,40,66,19,49,58
27,58,76,33,44,38,54,48,41,26,54,102,55,79,46,33,74,69,32,81
31,19,43,72,65,69,64,48,15,49,73,53,79,62,46,25,20,66,25,83
41,55,50,60,31,67,45,39,67,72,59,69,27,40,36,23,54,95,46,24
54,63,76,37,79,66,22,46,46,50,57,51,35,85,79,47,63,94,49,97
42,48,61,78,58,55,50,61,44,55,38,54,20,23,36,63,47,89,52,79
46,41,40,38,80,98,19,50,84,66,57,16,35,34,16,42,33,60,49,51
38,39,61,19,47,52,63,37,63,29,55,41,40,69,37,46,40,49,57,66
65,66,26,74,51,29,24,108,24,19,40,88,43,43,80,42,21,33,107,62
18,97,36,18,17,51,39,24,46,80,20,62,33,30,73,60,20,77,51,53
80,59,79,42,54,51,38,65,36,43,83,62,29,32,54,28,64,44,31,31
57,59,34,39,72,46,80,65,70,54,70,53,48,46,54,139,36,79,66,69
40,27,27,50,19,119,69,57,50,41,59,65,29,51,55,54,77,28,34,58
61,42,98,72,46,121,33,49,29,81,27,33,72,56,45,83,37,57,104,54
51,47,27,32,56,53,40,52,17,88,5,31,58,61,97,122,94,46,22,34
21,47,35,49,79,112,33,47,47,96,56,21,41,18,44,106,67,78,47,23
57,79,44,68,32,37,52,15,33,68,61,56,44,22,73,16,47,68,35,80
63,67,72,89,80,52,43,31,60,61,62,79,58,33,59,82,29,38,38,30
45,99,57,58,28,116,53,42,70,72,54,113,34,67,53,112,75,40,44,85
22,56,56,22,114,55,81,56,65,75,41,40,117,23,61,106,33,34,15,25
37,67,96,75,54,81,42,51,32,28,15,105,52,45,56,54,89,26,13,92
61,99,64,81,58,72,79,72,76,81,25,64,63,56,83,70,118,92,56,54
57,24,48,78,103,84,123,46,59,44,77,71,58,72,109,53,89,105,67,55
52,47,59,43,95,56,122,76,94,60,51,38,61,67,57,73,38,56,37,141
31,57,87,84,91,64,27,42,35,41,65,66,72,85,36,38,71,60,45,26
32,68,91,31,46,89,51,70,70,66,45,41,17,85,41,23,47,107,77,36
79,64,49,83,57,94,92,27,53,47,69,47,47,28,32,33,64,35,32,49
29,40,85,77,51,72,58,37,67,82,76,42,106,33,92,27,35,72,72,81
32,30,45,65,57,27,55,50,69,29,128,30,35,34,45,57,20,43,53,49
51,39,88,41,62,70,17,68,37,61,74,70,49,55,72,55,48,88,75,57
39,27,17,61,32,33,60,121,40,18,43,44,59,95,54,63,80,71,29,35
72,33,78,23,86,109,80,46,114,73,41,52,53,39,64,58,85,26,40,33
76,80,63,72,76,88,39,92,56,21,63,71,22,94,117,56,40,35,69,38
47,30,42,59,48,56,56,54,45,18,80,33,61,54,51,55,84,53,40,86
35,45,26,50,77,37,45,81,36,103,53,57,43,72,79,64,31,51,62,71
96,57,29,33,26,18,50,72,30,38,78,39,31,25,36,55,72,22,17,16
32,40,41,153,35,65,45,50,45,54,73,74,48,46,23,33,39,66,71,65
70,87,53,30,63,33,59,105,34,93,48,55,31,28,46,28,58,23,52,37
45,29,62,50,60,66,32,122,78,59,40,52,77,23,72,75,99,58,49,57
42,62,75,61,61,44,46,71,42,72,43,54,108,43,25,40,35,40,156,89
92,57,57,99,66,56,29,27,45,55,49,45,59,37,55,50,56,56,35,35
15,64,48,44,69,92,73,74,59,77,49,109,49,35,52,44,33,56,46,61
79,40,63,37,68,49,51,35,55,70,33,47,76,55,55,56,32,21,72,98
51,46,27,41,39,28,31,21,22,77,63,50,83,39,74,74,21,54,81,32
65,85,46,88,27,43,55,37,58,43,97,38,46,50,25,36,96,124,80,16
42,40,58,103,79,72,74,29,95,31,27,29,46,142,52,135,67,73,78,56
122,70,89,40,49,109,38,68,79,35,72,95,24,29,40,52,32,51,35,46
47,65,35,69,13,63,75,50,53,34,47,38,51,17,41,25,41,40,26,39
90,38,69,61,86,106,32,22,51,20,94,28,52,93,32,52,36,61,43,64
61,67,59,18,77,107,57,73,52,33,49,23,49,65,42,55,77,36,72,38
21,43,38,52,70,57,42,22,29,64,74,43,36,73,83,58,39,40,28,46
77,45,67,82,60,37,59,65,44,45,60,89,82,58,64,38,53,80,88,56
49,28,24,92,86,62,28,71,52,72,70,62,82,73,34,36,84,52,24,68
47,61,71,37,41,68,31,20,46,84,54,23,60,37,53,26,80,50,65,87
40,80,81,61,20,64,78,55,62,55,45,58,35,71,71,63,59,77,91,29
48,91,95,75,57,40,86,142,81,79,105,122,37,124,55,68,47,136,98,39
130,166,18,43,36,41,30,107,30,67,50,25,93,63,14,27,49,47,37,74
110,63,62,69,33,26,48,87,86,60,84,33,114,43,63,46,37,65,48,49
46,110,96,53,28,81,35,89,48,36,15,104,32,101,35,67,64,60,40,39
73,31,60,51,47,17,74,52,52,49,52,50,17,45,52,60,59,75,56,24
53,20,46,87,18,46,56,59,45,45,77,40,67,91,86,44,55,43,47,70
56,35,82,45,46,41,65,26,36,95,30,36,65,38,86,115,145,123,36,39
54,38,94,40,13,14,84,38,53,50,74,26,21,35,54,76,59,68,69,36
82,89,59,45,78,36,99,63,43,71,36,32,93,76,129,48,25,71,48,23
18,58,47,83,66,19,36,52,138,45,17,44,27,78,70,46,28,48,62,73
65,40,68,37,57,51,70,88,44,71,22,101,71,44,90,34,52,43,60,54
147,72,52,23,37,96,72,48,58,45,38,86,35,48,92,53,74,80,30,39
49,63,36,19,20,50,44,97,63,50,41,56,98,32,76,79,97,20,16,60
21,86,22,31,25,63,78,30,46,44,49,60,91,24,84,31,37,50,43,41
72,71,102,64,21,33,64,100,62,52,42,42,79,31,24,92,48,57,88,62
35,52,34,141,10,41,23,29,39,90,68,65,42,35,13,39,36,76,39,78
28,42,26,49,38,57,45,45,36,31,14,85,90,68,26,68,60,51,60,40
47,100,38,72,66,58,39,60,41,68,29,68,25,18,29,58,87,64,50,49
50,27,41,38,24,65,15,19,39,38,52,75,31,51,55,46,83,54,30,33
80,74,61,55,25,63,99,46,33,56,67,51,51,60,74,35,35,66,51,133
81,44,51,88,56,60,87,76,61,31,20,35,63,75,60,25,63,78,58,64
69,50,66,29,62,62,44,48,75,62,42,66,50,39,65,22,87,54,46,60
59,53,77,38,42,78,68,70,96,51,58,47,48,44,55,39,42,65,70,25
56,70,31,95,29,98,60,44,33,97,60,70,61,41,61,70,62,49,85,75
77,77,46,78,69,42,66,23,34,28,34,47,24,35,75,55,39,37,87,29
46,71,33,47,66,50,60,50,59,34,40,84,74,107,55,39,132,70,41,29
44,44,61,72,141,38,79,55,66,41,77,36,45,34,30,42,73,33,132,82
46,41,60,48,52,31,62,60,39,41,109,53,68,74,59,32,13,43,32,73
42,62,42,22,70,20,44,36,42,44,54,69,47,54,63,68,65,81,79,58
49,51,17,35,61,62,143,75,89,57,42,64,73,29,61,43,26,66,55,53
78,90,43,33,31,97,54,28,29,52,71,71,28,34,40,64,52,30,46,75
30,30,64,29,63,41,49,44,76,63,89,96,112,76,37,100,85,50,67,62
59,78,36,51,81,38,43,65,62,57,43,68,24,52,57,47,34,51,75,61
93,67,48,61,84,58,48,44,35,56,43,80,39,39,29,57,77,69,67,56
31,86,52,66,69,58,47,106,60,48,50,46,41,44,42,33,28,39,49,51
59,92,73,35,47,131,31,40,64,67,23,49,73,51,48,38,54,44,62,40
39,47,85,66,21,56,52,60,29,78,52,55,58,41,40,85,92,66,61,45
28,25,44,97,19,61,41,45,40,41,55,70,51,51,43,16,79,45,23,75
57,61,96,82,43,84,40,94,51,62,24,65,37,62,34,126,106,84,25,57
45,67,63,58,69,35,71,57,34,63,51,29,41,40,52,36,26,60,87,58
61,18,61,50,60,64,30,45,51,19,51,66,35,36,67,24,93,35,80,72
65,66,65,76,120,33,25,37,40,64,28,96,38,40,71,41,28,93,17,99
15,48,85,82,26,88,30,22,52,39,54,28,23,79,51,23,102,28,30,32
19,31,71,49,60,57,22,62,109,35,20,92,16,65,48,25,54,70,42,38
25,77,57,29,26,46,62,108,79,53,41,58,53,43,39,45,50,57,50,50
53,58,82,41,62,60,75,49,47,111,35,33,87,29,63,29,34,74,65,51
49,42,51,54,15,54,50,18,40,54,35,73,81,38,23,34,32,49,35,112
76,37,29,56,31,75,48,25,32,33,58,29,65,80,51,20,50,22,26,38
41,43,97,102,37,47,49,91,72,94,89,63,30,23,60,31,17,42,31,51
64,81,55,51,71,15,59,60,58,23,33,60,123,110,44,47,79,23,55,43
64,27,61,28,48,32,59,50,70,60,72,38,42,38,22,29,66,99,29,49
75,171,32,55,45,63,42,36,44,40,22,46,68,57,67,51,51,23,138,21
29,48,56,83,100,65,64,37,40,43,37,92,44,65,47,56,25,73,111,27
120,52,47,37,82,54,69,68,96,34,58,82,52,80,80,48,42,57,63,22
36,70,20,17,45,76,60,23,38,12,46,45,39,85,38,34,68,36,39,37
19,63,25,71,43,37,58,54,83,43,33,78,82,76,54,29,42,42,61,22
50,80,72,86,32,44,53,40,111,71,73,81,56,51,65,62,66,75,60,39
65,66,45,32,57,57,36,43,74,30,28,70,87,45,80,44,41,91,63,80
47,62,64,27,37,105,64,62,33,70,80,21,68,66,29,32,68,42,60,34
63,37,25,76,36,45,40,52,33,45,67,56,50,64,63,12,61,64,41,49
51,57,72,49,61,34,33,30,65,34,71,42,22,52,49,82,77,60,64,59
89,65,37,33,53,39,64,39,53,72,51,46,74,60,41,37,55,68,68,104
77,81,66,22,48,39,46,51,44,75,57,52,75,163,51,93,26,52,36,43
64,74,64,46,115,66,108,69,44,31,42,51,66,26,34,60,97,43,81,39
67,19,43,12,30,20,43,43,50,54,51,51,34,125,54,30,26,60,31,36
56,30,20,40,33,60,59,15,30,38,91,58,21,80,26,68,107,37,43,36
54,40,103,42,80,36,62,48,33,66,51,44,91,56,20,56,46,70,77,67
59,25,59,69,55,88,54,22,30,82,69,88,22,42,60,71,65,46,47,109
53,72,48,87,45,64,86,54,73,70,66,43,65,62,98,31,106,30,46,50
59,96,35,123,29,122,59,37,53,36,45,31,13,47,72,42,64,62,55,105
55,62,95,77,44,53,56,43,46,29,47,47,40,51,66,47,62,28,81,19
61,74,48,111,42,81,29,42,35,45,58,60,42,59,91,32,33,74,31,70
39,59,77,38,82,39,57,47,42,49,34,40,77,63,60,42,69,50,63,38
29,55,54,25,64,63,83,85,74,149,67,50,89,39,22,37,73,49,83,74
39,26,39,63,24,51,41,42,56,60,76,43,13,66,36,35,56,62,58,25
125,25,78,66,119,96,105,107,34,72,87,68,83,74,69,125,59,122,46,51
60,91,35,31,48,64,79,56,47,109,52,64,53,36,65,53,25,69,54,59
36,33,56,53,13,54,51,66,71,52,69,32,68,114,50,53,40,74,70,68
56,25,57,31,76,52,67,133,65,38,52,32,29,25,56,34,106,33,56,28
23,76,20,76,25,55,77,65,54,41,77,57,59,40,37,37,59,74,47,32
55,40,64,78,31,48,29,24,83,55,26,41,89,51,29,70,66,91,59,45
71,73,40,43,136,77,52,47,47,42,64,74,75,98,100,102,35,31,42,28
53,60,63,57,79,63,65,61,83,59,45,65,39,21,85,68,41,65,17,56
32,48,37,39,70,29,83,136,34,42,92,56,68,54,38,51,62,64,67,47
36,86,35,78,13,27,40,20,18,38,17,75,86,112,79,81,45,36,45,53
24,37,38,38,49,57,76,55,31,26,36,50,41,63,80,54,54,70,19,68
53,97,27,75,53,72,41,38,38,59,36,40,51,32,56,72,68,59,66,39
37,59,52,105,32,61,49,59,48,41,48,57,57,27,61,73,100,26,31,46
44,39,79,72,37,37,27,59,80,45,37,34,67,48,37,52,55,74,22,40
58,52,19,22,71,50,63,43,76,83,26,99,44,217,47,36,38,64,47,79
34,29,52,43,52,91,66,56,54,43,55,82,34,45,22,60,62,37,48,54
45,38,67,76,54,51,32,90,62,65,96,47,33,72,38,48,68,77,46,78
83,50,66,57,43,43,68,45,36,49,49,67,50,84,12,32,53,29,28,70
38,56,83,32,37,84,48,81,41,42,39,62,20,26,36,51,89,79,64,22
51,30,51,46,75,32,59,60,51,64,29,87,121,41,44,65,14,62,74,32
78,42,78,82,37,44,118,46,64,39,69,50,44,87,123,51,68,55,29,42
67,74,37,35,68,38,19,38,80,56,36,54,71,75,27,94,62,95,42,70
43,22,41,27,69,38,46,95,56,25,46,59,33,72,56,60,42,86,44,46
55,68,64,43,88,135,96,41,40,56,49,99,53,109,46,29,52,67,22,26
26,61,91,62,33,61,35,83,33,51,45,29,51,54,41,56,34,82,92,27
100,57,57,99,77,67,50,161,154,53,46,27,60,52,45,85,33,69,62,67
101,40,69,60,52,60,28,30,34,92,51,89,57,67,81,48,44,49,64,68
41,45,94,50,44,73,69,45,103,70,63,60,49,19,54,65,73,59,33,35
78,21,58,63,57,45,24,48,41,44,51,44,76,36,66,33,46,35,40,71
88,39,64,244,78,33,73,77,58,30,60,47,41,105,44,83,57,31,32,30
41,80,70,72,18,52,159,39,114,72,21,80,66,68,57,78,97,49,107,89
54,110,51,64,94,94,95,33,44,52,41,47,40,154,59,107,59,97,46,48
69,64,23,50,41,59,72,45,34,78,52,32,56,42,27,26,42,52,61,69
23,68,36,28,80,90,102,38,93,59,36,23,54,48,64,33,57,50,55,50
113,55,37,54,50,29,43,38,100,31,33,44,40,89,77,31,54,35,26,104
83,78,60,37,80,49,72,67,51,41,41,56,29,57,44,36,61,75,83,17
75,26,51,51,69,48,59,39,75,30,68,52,63,65,49,59,54,69,64,39
25,65,45,61,49,65,39,46,28,50,29,54,42,52,61,59,61,26,121,65
99,62,60,50,24,61,110,37,35,26,62,31,95,31,51,80,27,71,19,67
36,43,55,46,102,42,73,47,36,55,60,38,34,56,83,81,59,55,32,24
67,49,130,117,60,52,53,73,83,71,34,47,41,45,60,61,64,80,72,67
77,50,44,46,98,105,46,135,79,41,148,108,58,78,49,52,42,51,59,43
61,63,46,46,29,12,36,29,34,68,40,99,18,43,13,56,39,37,32,73
61,67,34,87,85,41,21,59,53,74,87,23,100,27,55,101,32,79,65,55
58,51,48,68,84,135,79,31,29,82,49,70,45,101,55,34,60,36,53,76
70,40,40,53,30,65,42,35,59,60,68,86,41,53,47,106,56,53,97,16
59,76,16,72,48,58,46,95,36,48,95,69,52,32,71,109,72,53,31,66
36,46,48,57,37,53,74,31,41,38,27,38,33,54,35,48,40,94,77,31
43,47,96,26,35,122,24,101,79,16,64,62,81,80,25,109,55,62,43,44
30,103,74,46,13,34,78,78,83,36,30,30,110,47,130,51,61,98,56,73
34,27,63,58,46,21,79,45,30,64,47,28,42,26,50,28,40,119,42,74
57,61,104,38,69,57,26,81,47,85,189,36,102,46,36,91,50,42,85,88
63,67,66,83,48,59,121,76,55,71,67,100,40,69,47,48,105,64,78,67
27,47,74,46,54,49,29,59,42,52,66,48,61,79,68,86,80,29,40,35
46,77,41,63,35,97,52,46,62,103,89,48,61,52,83,48,84,80,86,32
107,47,60,42,52,76,52,73,54,20,35,27,62,59,36,61,40,31,39,67
70,37,25,67,53,45,35,38,43,52,41,61,46,100,80,53,21,40,43,15
50,52,91,55,19,100,47,42,86,41,57,59,84,47,23,54,52,39,84,64
47,49,95,60,88,93,27,85,54,36,11,45,35,27,48,30,14,53,38,28
51,35,60,75,51,29,56,47,47,55,49,40,51,97,109,136,39,61,44,79
36,98,68,28,99,59,52,51,34,32,64,33,25,27,31,45,89,68,72,61
64,26,59,32,72,70,50,122,26,34,25,72,23,26,46,57,149,79,60,57
29,66,53,29,83,82,70,45,35,74,51,28,69,131,82,43,32,56,49,104
37,26,83,34,36,37,42,68,41,48,43,41,41,34,41,71,52,67,98,92
30,39,82,28,98,75,77,67,40,80,23,81,102,63,58,73,46,52,41,16
79,39,57,74,63,52,51,54,43,20,78,32,50,51,117,86,59,75,34,28
91,46,48,51,72,85,59,65,93,37,96,43,36,27,54,56,53,70,70,67
66,61,43,17,21,132,50,38,24,52,14,15,49,72,55,31,76,56,51,23
50,43,87,27,32,27,27,60,101,62,47,47,71,40,74,40,64,39,55,32
37,24,33,29,44,53,90,44,29,94,37,93,42,48,11,110,75,59,24,14
56,19,41,91,69,47,67,20,60,40,38,6,29,63,34,90,70,72,150,41
38,17,51,27,24,33,47,42,34,51,79,29,53,46,26,65,36,51,50,41
60,61,51,55,61,66,66,94,22,65,18,18,25,51,105,89,62,47,91,68
111,57,81,91,79,30,22,30,60,106,40,71,44,48,78,73,96,90,52,23
